filename,expression,n_inputs
00000.png,(not A),1
00001.png,(B nand (A and (not E))),3
00002.png,((D and (not (C nand (not (E xor B))))) nand A),5
00003.png,((B xnor (not E)) xnor C),3
00004.png,(((not E) xnor A) or B),3
00005.png,((not C) nor E),2
00006.png,(B xor D),2
00007.png,(not ((not ((C nor (not A)) xor (not (E xnor (not D))))) and B)),5
00008.png,((not A) nor ((E xnor B) and D)),4
00009.png,(not (A nor E)),2
00010.png,(not ((B and D) and ((not E) nand (not (A and C))))),5
00011.png,((not ((D xor A) nor B)) nor ((not C) and (not E))),5
00012.png,(((not C) xnor (D xor B)) and (E nor A)),5
00013.png,(((not D) nor (B xnor ((not A) xnor C))) xnor (not E)),5
00014.png,((not ((not B) or E)) and (not (((not C) xnor D) xor (not A)))),5
00015.png,(((not A) nand C) xnor ((not E) xor (not (D and B)))),5
00016.png,((B xnor (not (E nand D))) xor (A and (not C))),5
00017.png,((E nor D) nor (not C)),3
00018.png,(not (E xor (B xnor D))),3
00019.png,((not B) nor C),2
00020.png,(not D),1
00021.png,((E and D) xnor (not (C nand B))),4
00022.png,(C nand ((not ((B xnor D) xor (not E))) xnor (not A))),5
00023.png,((not D) nand E),2
00024.png,((E nand B) nand (not (D nand A))),4
00025.png,((not D) xor (A nand C)),3
00026.png,(not B),1
00027.png,(B or A),2
00028.png,(((not B) xor (not E)) nor (not C)),3
00029.png,(C and A),2
00030.png,((D xnor A) nor B),3
00031.png,(not (A xor C)),2
00032.png,((not B) nor (A xor D)),3
00033.png,(C xnor (A xor (E nor D))),4
00034.png,(not (D xor C)),2
00035.png,((C or B) nor (not (((not D) nand (not A)) xor E))),5
00036.png,(D xor E),2
00037.png,(not E),1
00038.png,(A nand (not C)),2
00039.png,((((not A) xor (not C)) xor (not (D xnor B))) nand E),5
00040.png,((not E) and (A xnor ((D nor (not C)) xor B))),5
00041.png,(C and ((E and B) xnor A)),4
00042.png,((B xor ((not E) xnor C)) nor D),4
00043.png,(((not B) xnor (C or E)) xnor D),4
00044.png,(B nand (D nor (A xnor C))),4
00045.png,(C or (not ((not E) and ((not D) xnor A)))),4
00046.png,((((not (B xnor D)) nand (not C)) xor E) and A),5
00047.png,((not ((C xnor E) xnor A)) and (B or D)),5
00048.png,(not ((D nand B) and A)),3
00049.png,(D xor (not C)),2
00050.png,(E xnor (D nor C)),3
00051.png,(((C nand (not A)) nand E) xnor B),4
00052.png,((not (D nand A)) nor ((not B) or E)),4
00053.png,(not (C or B)),2
00054.png,(not C),1
00055.png,(not ((not C) nor E)),2
00056.png,((not (A and D)) xnor (C nand (not B))),4
00057.png,(B xor (not (D nor C))),3
00058.png,(((not A) or (C and D)) nand B),4
00059.png,(not ((not (E or (not (A xor ((not D) or C))))) and B)),5
00060.png,(not (((not (D nor (not B))) nand (not A)) nor (C nor E))),5
00061.png,(C xnor (not B)),2
00062.png,(D and (not B)),2
00063.png,(B xnor ((not (E and D)) and (C and A))),5
00064.png,(not ((not B) xnor (not A))),2
00065.png,((C and E) and (B xor D)),4
00066.png,((E nand A) and (D xnor (not (B xor C)))),5
00067.png,((not ((D xnor E) xor A)) nand (C xor B)),5
00068.png,(not (B nor A)),2
00069.png,(A nand ((not (B nor C)) nand (not E))),4
00070.png,((not D) nand (not (A nor E))),3
00071.png,(D nand A),2
00072.png,(D xnor (not A)),2
00073.png,(not (A nor B)),2
00074.png,((not ((not B) or (not C))) nor E),3
00075.png,(C xnor ((not E) xor (D nor ((not B) nor A)))),5
00076.png,(not ((not A) nand (E xnor B))),3
00077.png,(A nor B),2
00078.png,((C nand A) nand E),3
00079.png,((not (B and (((not E) xor C) and D))) or A),5
00080.png,((not D) xor E),2
00081.png,((not ((not D) xnor (not ((not B) nor (C or A))))) nand E),5
00082.png,(((not A) or (not C)) nand (D xnor B)),4
00083.png,((A or (not (B xnor C))) xor (D or E)),5
00084.png,((A nor (not B)) and (not C)),3
00085.png,((E xor B) or (not (D xor (C or A)))),5
00086.png,((A or D) nor B),3
00087.png,(not ((D xor (not E)) nand A)),3
00088.png,((not (B nand D)) xor (not C)),3
00089.png,(((not E) xor (not A)) xor C),3
00090.png,(not ((C nand D) xnor B)),3
00091.png,((not (D xnor A)) or (C nor (not E))),4
00092.png,(E nand D),2
00093.png,((D or (not C)) xor B),3
00094.png,(C nor ((not (B xor D)) xor E)),4
00095.png,(B nand (not A)),2
00096.png,(((not C) xor E) and (A xnor (not B))),4
00097.png,((B xor (C nor E)) xor (not D)),4
00098.png,(A nor (not (((not (D or B)) xor E) or C))),5
00099.png,((C nor A) nor B),3
00100.png,(((not (D and C)) and E) xnor A),4
00101.png,((not B) or (C and A)),3
00102.png,((B nand E) xor ((not C) nor D)),4
00103.png,((not A) and (not E)),2
00104.png,(E xor (not (A nor (B xnor (not C))))),4
00105.png,(((B or D) nor C) xor E),4
00106.png,(C and ((not A) xor ((not D) xnor E))),4
00107.png,(((not A) nand (D xor E)) nor B),4
00108.png,((not C) nor (not A)),2
00109.png,(not (D or (((not C) or B) and E))),4
00110.png,(B nor A),2
00111.png,((E or A) xor (B nand C)),4
00112.png,((B nand E) xnor ((not A) xnor C)),4
00113.png,(((not B) nand (not (D xnor A))) xnor (not C)),4
00114.png,((not (C xnor (B nand E))) xnor (D or A)),5
00115.png,(((not ((not E) nand (not A))) nor (not C)) and D),4
00116.png,(((B xnor (not E)) and (not A)) xor ((not C) nand D)),5
00117.png,((B xnor C) nand ((not (A xor E)) nor D)),5
00118.png,(C nor (not B)),2
00119.png,((not A) nor (not ((D xnor E) nand C))),4
00120.png,(((D and E) nand (C or A)) xor (not B)),5
00121.png,(B nand (not E)),2
00122.png,(E xnor D),2
00123.png,((E nand C) xor A),3
00124.png,((((not C) xor (not B)) nand (not E)) or D),4
00125.png,((not A) xor (not ((D xnor E) and (not B)))),4
00126.png,(D or (not ((not (A nand (not E))) nand C))),4
00127.png,((C and (D xnor (not A))) or (B or E)),5
00128.png,(C and (not (B nor (D nand E)))),4
00129.png,(E nand (not ((not (D nand A)) nand B))),4
00130.png,(C xnor B),2
00131.png,(not ((not (D nand ((not C) xnor (not B)))) and (not A))),4
00132.png,(not (C or (B xor (not D)))),3
00133.png,(A or (not ((C xor D) xor B))),4
00134.png,((C or A) nor (not (D or (not E)))),4
00135.png,((not (E or C)) and (not (D or A))),4
00136.png,(E nor A),2
00137.png,(C and (A nand (not B))),3
00138.png,((not C) and ((not (A and (not B))) xnor ((not D) or E))),5
00139.png,(((not (A or E)) and D) xnor (not ((not B) xor C))),5
00140.png,(not (A xnor (not (B xor (not C))))),3
00141.png,((not D) xor A),2
00142.png,((C or D) xnor (not ((not B) nand (not E)))),4
00143.png,((not (A or E)) and (not ((not B) xor (C nand (not D))))),5
00144.png,((not ((D nand B) or (not A))) or E),4
00145.png,(((A or C) xor D) nand E),4
00146.png,((D nand E) nor ((not C) xnor ((not B) nor (not A)))),5
00147.png,((not (((not A) and E) or C)) or B),4
00148.png,((not ((not (D nand E)) xnor (C xnor B))) nor A),5
00149.png,((not ((D and C) nand (B or E))) nor A),5
00150.png,(not ((not D) and B)),2
00151.png,(B nand D),2
00152.png,((not ((C xnor D) nand (not B))) and (not A)),4
00153.png,((not D) nor (B xor (not ((C xnor A) or E)))),5
00154.png,(not ((C or E) and ((not A) xnor (not (B nor D))))),5
00155.png,((not E) xor ((B nand A) or (C and D))),5
00156.png,(not ((not (B or A)) xnor C)),3
00157.png,(((not E) and C) xor (D nor B)),4
00158.png,((not C) nor (not ((not D) xnor (E nand A)))),4
00159.png,(not (B xnor E)),2
00160.png,(B xor A),2
00161.png,(((C xor B) and (not A)) xnor D),4
00162.png,((not (B xnor C)) nand E),3
00163.png,(((C or (E xnor B)) xor D) xnor A),5
00164.png,(not (B and (((A nor D) and C) nand (not E)))),5
00165.png,((not ((not (B xor (not C))) xnor (not E))) nor D),4
00166.png,((not E) or (not (D xor C))),3
00167.png,(C xnor (not (((not A) nand (not D)) xor (E xnor (not B))))),5
00168.png,(not ((not (B or E)) or A)),3
00169.png,((D or E) xor (not (B and ((not C) and A)))),5
00170.png,(((not (B or (not D))) or C) xnor E),4
00171.png,(not ((not D) xor E)),2
00172.png,(((not D) and (not (A or (not (B nor C))))) nand (not E)),5
00173.png,(((B and D) xnor A) nand C),4
00174.png,((not (((not E) nand (D xor A)) or C)) xnor B),5
00175.png,((A nand (not C)) xnor (B nand E)),4
00176.png,((not (B nor C)) xor D),3
00177.png,(B xnor C),2
00178.png,(((A xor (not D)) nor E) xnor (not (C nor B))),5
00179.png,(A and ((C nand D) nor E)),4
00180.png,(E or A),2
00181.png,((C xnor A) and B),3
00182.png,(E nor (A and B)),3
00183.png,((not A) or ((E and (not (D xor C))) and (not B))),5
00184.png,(not ((A xor (not D)) xnor (B and (not C)))),4
00185.png,((not A) xnor (not (B nand E))),3
00186.png,(not ((not (B nor D)) xnor (not (C and (E xor A))))),5
00187.png,((D xnor C) nand (A nand (E xnor B))),5
00188.png,(not (E xnor (C or D))),3
00189.png,(A nand (not (((not E) nor ((not B) and C)) nor (not D)))),5
00190.png,((not (A and C)) xor B),3
00191.png,(not ((B or E) nor D)),3
00192.png,((not B) xor (not D)),2
00193.png,(C and (((not E) nor (not A)) or (not B))),4
00194.png,((not D) nand ((not B) or A)),3
00195.png,(A and ((not ((not C) nor B)) nor D)),4
00196.png,(E xor (not ((D and C) xnor (not B)))),4
00197.png,(((B nand E) xor D) xnor C),4
00198.png,((not B) and A),2
00199.png,((not E) and (not D)),2
00200.png,((not ((not C) nor E)) nand (A xor D)),4
00201.png,(C nor (not (D nand (A nor B)))),4
00202.png,(((not (B nand A)) and (D xnor E)) xnor C),5
00203.png,((not D) or C),2
00204.png,((not B) nor (not E)),2
00205.png,(B and (((not (C or E)) xor (not A)) nor (not D))),5
00206.png,((not ((E or (not D)) or C)) or (A xnor (not B))),5
00207.png,((not (E xor C)) xnor (not ((not D) or (not B)))),4
00208.png,(B xnor E),2
00209.png,(B and (not (A and (not (E nand ((not C) xor (not D))))))),5
00210.png,((not B) xor ((not A) nand (D xnor (not E)))),4
00211.png,(not (((C nand D) or E) xor B)),4
00212.png,(((not B) xnor (not ((A nor C) xnor (not D)))) xor E),5
00213.png,(not (((not D) nand (not C)) xor B)),3
00214.png,((not A) xor C),2
00215.png,(E nor D),2
00216.png,(E nor (not D)),2
00217.png,(not (D or (C nand (not A)))),3
00218.png,(not ((E or A) or (not (D xnor B)))),4
00219.png,(C xor (B nor (D or (not A)))),4
00220.png,(((not D) and E) xnor (C nand (not (B xor (not A))))),5
00221.png,(A nand E),2
00222.png,((not ((D xnor (E and C)) xnor A)) and B),5
00223.png,(not ((D nor (not C)) nand E)),3
00224.png,(not (((not B) xor (not ((not E) or A))) nand (C nand D))),5
00225.png,(E and (not ((not D) xor A))),3
00226.png,(((not D) and A) xnor (not (E xnor B))),4
00227.png,(((not E) nand A) nor (not ((B xor C) xnor (not D)))),5
00228.png,(((not C) nor (not A)) xnor D),3
00229.png,(not (((not A) xnor D) xnor ((E nand (not B)) nor C))),5
00230.png,(C xnor (not E)),2
00231.png,((not (C or B)) xnor A),3
00232.png,(not (D nor B)),2
00233.png,(E or B),2
00234.png,((not B) or ((not (C or (not D))) nor (E xnor A))),5
00235.png,(D xnor (B or (not (C or (not (A xor E)))))),5
00236.png,((not (E nor (not ((C and D) xor B)))) or A),5
00237.png,((not ((not ((not A) xor C)) nor (D xnor E))) xor (not B)),5
00238.png,(E nand B),2
00239.png,((not B) nand A),2
00240.png,(E xor ((not (B nor (not D))) xnor (not C))),4
00241.png,(B xor (not C)),2
00242.png,(D xnor ((E nand C) xnor (not A))),4
00243.png,((B xor (not E)) xor (A nor ((not C) and D))),5
00244.png,(A nand (E and C)),3
00245.png,(C nand (not ((not (D nor E)) xor B))),4
00246.png,(D and E),2
00247.png,((not C) and D),2
00248.png,((C nor (not (B nor (not D)))) xnor (not (E xnor A))),5
00249.png,(not ((C xor B) nor A)),3
00250.png,(D xnor (not ((A nand (not B)) or (C and (not E))))),5
00251.png,(not ((D and (not ((not C) xor A))) nor B)),4
00252.png,((not (((E xor D) xnor A) nand C)) or B),5
00253.png,((B xnor A) nor (E nor C)),4
00254.png,(not (C xor (A and D))),3
00255.png,((not A) xor (D nand B)),3
00256.png,(B nand (not C)),2
00257.png,(B nand A),2
00258.png,(C xnor (not ((not ((not E) nand A)) nand (not D)))),4
00259.png,((not (A xnor C)) and D),3
00260.png,(E xnor (A xor (not (C and ((not B) or D))))),5
00261.png,(not (((not A) xnor (C or B)) and D)),4
00262.png,(D xnor (C xnor ((not E) and B))),4
00263.png,(not (E and (A or C))),3
00264.png,((not B) nand ((not C) or E)),3
00265.png,(not (((D xnor E) or A) nand (not ((not C) and (not B))))),5
00266.png,(((not (B nand (not D))) nand C) xnor (not (E xnor A))),5
00267.png,(((not B) nand (not C)) xor (A nand D)),4
00268.png,(((not B) xor C) nand (not ((not A) xnor (not E)))),4
00269.png,((A and C) xnor (not (B or ((not D) xor E)))),5
00270.png,(not (D nor (A or (not B)))),3
00271.png,((A nand B) or (not ((not D) nor E))),4
00272.png,((B and ((E nor D) or C)) nor A),5
00273.png,((not D) nand (not (((not E) xnor A) xor C))),4
00274.png,((not A) nand (not (E or (not (C or B))))),4
00275.png,(D xnor ((not B) nand C)),3
00276.png,(B nand C),2
00277.png,((B and (A nand (not D))) xor (not (C or E))),5
00278.png,(not (C xnor ((A and B) xor (not E)))),4
00279.png,((not E) nand C),2
00280.png,((C nor ((not A) or E)) and ((not D) or (not B))),5
00281.png,(C nor E),2
00282.png,((E or (not (C and D))) xnor A),4
00283.png,(E xor B),2
00284.png,(not ((((not E) nor B) nor (A or D)) and C)),5
00285.png,((not (B nor E)) xor (C and (D xor (not A)))),5
00286.png,(not ((not (E nand B)) and C)),3
00287.png,((not (D nand C)) xor A),3
00288.png,((E xor (((not B) xor C) xor (not A))) and D),5
00289.png,(not (E or (not A))),2
00290.png,(A xnor (C or D)),3
00291.png,((not E) or ((not C) nand A)),3
00292.png,(not ((D nand (not A)) and (not ((E and (not B)) or C)))),5
00293.png,((not (C or (not E))) xor (D xor (not A))),4
00294.png,((not C) and ((not E) and B)),3
00295.png,((not ((not ((not B) xnor (not (C xor E)))) nand A)) nand D),5
00296.png,(not ((not (B and A)) or C)),3
00297.png,(C xor B),2
00298.png,(((not C) and (not E)) nand (A or ((not D) nand B))),5
00299.png,(D and C),2
00300.png,((B nor D) and (not ((not E) xor C))),4
00301.png,((not (((not B) xor C) nand E)) or (not D)),4
00302.png,(not (((not C) and E) nor A)),3
00303.png,((D nand (not E)) nand B),3
00304.png,(C and E),2
00305.png,((B xnor (not A)) and (E nor (D or C))),5
00306.png,((B and D) xor A),3
00307.png,((not B) xor D),2
00308.png,((not E) and (A and ((not (D and (not C))) xor B))),5
00309.png,((((not A) nand B) and C) or (D nand E)),5
00310.png,(not ((E or A) xnor C)),3
00311.png,(D or E),2
00312.png,(D nand C),2
00313.png,(A xor ((E xnor C) or D)),4
00314.png,(B xor E),2
00315.png,((not (E or (D xnor (not C)))) xnor (not ((not A) nor (not B)))),5
00316.png,((not (C or D)) xor ((not A) nor E)),4
00317.png,((E nor B) xor ((not A) nand D)),4
00318.png,((not (C or B)) or A),3
00319.png,((not C) or (not (D xnor (not B)))),3
00320.png,((E nand C) or ((not B) xor (not D))),4
00321.png,(not ((((not E) xnor D) and (not (C and B))) nor A)),5
00322.png,(E xnor (not (A nand (not C)))),3
00323.png,(C xor A),2
00324.png,(E nor (not (D nand B))),3
00325.png,(D xnor (A and (not (B xnor E)))),4
00326.png,((not ((not E) nand (not C))) xnor D),3
00327.png,((C nor (not A)) nand B),3
00328.png,((not ((not C) or (not B))) xnor (not ((not (D nand E)) or A))),5
00329.png,(B xnor (A nor ((not D) xnor E))),4
00330.png,(A or (not ((not (B nand C)) or D))),4
00331.png,((A or D) or (not E)),3
00332.png,(D xor ((C or A) and B)),4
00333.png,(D nand ((E xor (not C)) xnor (not (A and (not B))))),5
00334.png,((A nand E) xnor (C nor (not D))),4
00335.png,((not (C nor A)) nor D),3
00336.png,((B nor (not C)) nand A),3
00337.png,((not (E or A)) and (not C)),3
00338.png,((C nand D) xor (not (B xnor (A and E)))),5
00339.png,(D and (not C)),2
00340.png,(D nor B),2
00341.png,((((not B) xnor (not C)) and D) and E),4
00342.png,((not (E or (not B))) xor A),3
00343.png,((E nand C) nor (A xor B)),4
00344.png,(not (C and (not (((not E) and (not D)) nor (not B))))),4
00345.png,(not ((not (B and (not C))) or (not ((D xor E) xor A)))),5
00346.png,((((not A) nor B) xor E) or C),4
00347.png,(C nor (D xnor (A nor (B nor (not E))))),5
00348.png,(((not C) xor (D or (not B))) xor E),4
00349.png,(D xnor (not (C nand (not B)))),3
00350.png,((D nor C) xnor ((not A) or E)),4
00351.png,((not (B or E)) nand D),3
00352.png,((not B) or E),2
00353.png,(not (B xor ((not C) xnor A))),3
00354.png,(A nand (not ((not D) and (B or (not (E nor C)))))),5
00355.png,(not (C xnor (not (A nor D)))),3
00356.png,(not ((not A) nor D)),2
00357.png,(not ((A nor D) nor (not (C or B)))),4
00358.png,((not B) nor ((E or (D xnor C)) nor A)),5
00359.png,((not A) or ((C xnor B) or E)),4
00360.png,((A nand (not E)) xor ((not B) xor D)),4
00361.png,(B xor (not ((not C) and D))),3
00362.png,((not E) xor (B or (not D))),3
00363.png,(B xnor ((not (A or D)) nand (not C))),4
00364.png,((not D) or (not (E xor A))),3
00365.png,(D nand ((not E) nand (not C))),3
00366.png,((not (B and E)) xnor ((not D) xor C)),4
00367.png,(((not E) xor C) and B),3
00368.png,((not (((D or A) and B) nand E)) nand C),5
00369.png,((not (C xor E)) or (not ((not A) nand (B nand (not D))))),5
00370.png,((not ((not B) xnor A)) nand (D xnor (E xnor C))),5
00371.png,(C xor E),2
00372.png,(((not C) xor E) or (A xnor B)),4
00373.png,((not B) xor (D or ((not E) and (not A)))),4
00374.png,(E xor (not ((not (C or A)) xnor (not D)))),4
00375.png,(D and A),2
00376.png,((not C) and (not B)),2
00377.png,((not B) xor A),2
00378.png,((not B) xor (not E)),2
00379.png,(A xnor ((C or (not D)) nor (not B))),4
00380.png,(B nor C),2
00381.png,(((not D) and (((not C) xor B) xnor (not E))) xnor (not A)),5
00382.png,(not (A xnor (not B))),2
00383.png,((C xnor (E or B)) nor A),4
00384.png,(C nand D),2
00385.png,((B xor (D nand E)) and (not A)),4
00386.png,(D or (B and E)),3
00387.png,((E xnor C) xnor D),3
00388.png,(not (C or D)),2
00389.png,(C or ((E xnor D) xnor A)),4
00390.png,(not ((C nand B) or (not (D or (not A))))),4
00391.png,(not (C xor (not B))),2
00392.png,((B and C) nor (not D)),3
00393.png,(not ((not D) xor C)),2
00394.png,((C and A) or D),3
00395.png,(not (B nand ((C or (not D)) xor (not (A or E))))),5
00396.png,((not B) and (not (A nand C))),3
00397.png,(((not (C or E)) nand (not B)) nor (D nand (not A))),5
00398.png,((not (B nand C)) xnor (not A)),3
00399.png,(A and ((not (B nor (not (D and C)))) or (not E))),5
00400.png,(not (E and D)),2
00401.png,(D nand ((not (E xnor B)) and (not (A xor C)))),5
00402.png,((not E) nor (not D)),2
00403.png,((C or (not E)) nor (D nand (not (A and B)))),5
00404.png,(E and (not (A xor D))),3
00405.png,((not (C nand B)) nand E),3
00406.png,(B nand (D or C)),3
00407.png,(((not A) xor (E or D)) xor ((not B) or C)),5
00408.png,(((B and A) nor (not (D xnor C))) nand E),5
00409.png,((not B) xnor (D xnor E)),3
00410.png,(A nor ((not D) nor (not (E xnor C)))),4
00411.png,(A xor C),2
00412.png,(not (((not E) nor A) nand B)),3
00413.png,(((not ((not C) or A)) and B) xor E),4
00414.png,(not ((not E) nand C)),2
00415.png,(A and B),2
00416.png,(not (D xnor C)),2
00417.png,((not (E nand (not (A or C)))) nor D),4
00418.png,((not (((not D) xnor B) and (not E))) and ((not A) or (not C))),5
00419.png,(E and ((not C) xnor (not D))),3
00420.png,((not (B or D)) nor C),3
00421.png,(((B xnor (not D)) nand (not (E nor C))) or A),5
00422.png,(D or ((not ((not B) xnor (not C))) xor (E nor A))),5
00423.png,((not A) nor (((not D) nor E) and (not (C xor B)))),5
00424.png,((not ((not E) or (not D))) nand (not (A or ((not C) xnor (not B))))),5
00425.png,(not (A nand B)),2
00426.png,(((not A) or (not E)) and (not ((not (C xnor (not B))) nor D))),5
00427.png,((not A) xor (not ((not E) nand D))),3
00428.png,(B or (not (D xnor (A and (E or C))))),5
00429.png,(B nor (C or ((not A) xor E))),4
00430.png,((C or A) nand (not ((not D) and (E or B)))),5
00431.png,((not (C xnor D)) xnor (((not B) xnor (not A)) and E)),5
00432.png,((B or D) nand ((not C) xnor (not E))),4
00433.png,((not A) nor (not C)),2
00434.png,((not A) nor (not (B xor D))),3
00435.png,((not (B and E)) and (A nor (D xor C))),5
00436.png,(not (E nand B)),2
00437.png,(((not C) xor ((not B) nor A)) xnor (not E)),4
00438.png,(D xor ((not C) nand B)),3
00439.png,((not (B and E)) and (not (D or A))),4
00440.png,((not B) nand ((D xor C) or (not E))),4
00441.png,(not (A or (not B))),2
00442.png,((D nand (not C)) nand ((not B) nand A)),4
00443.png,((not (B xnor (not A))) or (not ((not (D xnor E)) or C))),5
00444.png,(((D xor E) xnor C) and (A nor B)),5
00445.png,((D nand ((not C) nor A)) nor E),4
00446.png,((not ((not E) xor (not D))) nand C),3
00447.png,(not (((E nand A) nand B) and (not D))),4
00448.png,(A xor E),2
00449.png,(C or B),2
00450.png,((not B) nor (not ((not ((D or A) xnor C)) nand E))),5
00451.png,(not (C or (not (D and (not E))))),3
00452.png,(((not D) xnor B) xor E),3
00453.png,((not E) nor (not C)),2
00454.png,(A or ((not E) and (C xnor (not B)))),4
00455.png,(((not E) nand B) nor (A nand C)),4
00456.png,((((not E) nor A) nand (not D)) nor B),4
00457.png,(((not E) xnor ((not A) and (not C))) xor B),4
00458.png,(((not D) or B) or E),3
00459.png,(not (B nand (not (((not C) or E) nand (not D))))),4
00460.png,(C or (not E)),2
00461.png,(C and (not ((not D) xnor E))),3
00462.png,(((not C) and ((not B) or E)) or (not A)),4
00463.png,(((not A) xnor E) xor ((B or C) xnor D)),5
00464.png,((not A) or (D or E)),3
00465.png,(((not E) nor (C and A)) or (not D)),4
00466.png,((not (E xor C)) xnor D),3
00467.png,((not D) xnor B),2
00468.png,((B or A) xor D),3
00469.png,((not (E xor (not C))) and (D and (A xor B))),5
00470.png,((not (C xor B)) nand A),3
00471.png,((A or (not C)) nor (not E)),3
00472.png,((not (B nor (C nand E))) xor D),4
00473.png,(not ((A nor D) nand ((not (C xor (not B))) nor E))),5
00474.png,((not C) nor (not E)),2
00475.png,((not (A nor (E or C))) and ((not D) xnor B)),5
00476.png,(B xnor ((not ((not C) nor D)) xnor E)),4
00477.png,(((not D) xnor (not E)) xor B),3
00478.png,(A nor (C xnor D)),3
00479.png,((not (E xnor A)) and (C nand D)),4
00480.png,(D or (A nor E)),3
00481.png,((not B) and D),2
00482.png,((not B) and (A and (D nor E))),4
00483.png,(A xnor ((not B) xor D)),3
00484.png,(not (((not C) xnor B) and ((D nor A) nand (not E)))),5
00485.png,((D nand (not B)) and (not (C or (not E)))),4
00486.png,(not (B and (not ((not D) nand (not C))))),3
00487.png,(D or B),2
00488.png,((not E) or D),2
00489.png,(B nor (D xor (not C))),3
00490.png,(not (E or B)),2
00491.png,((not B) and ((not D) or (not E))),3
00492.png,((A xnor C) nor B),3
00493.png,(C xor ((D nor B) xnor A)),4
00494.png,((B and (E and (not D))) or A),4
00495.png,((not A) nand E),2
00496.png,(A or (not C)),2
00497.png,((not ((not (D or A)) xnor C)) or (not E)),4
00498.png,((((B or C) nor E) xor D) xor A),5
00499.png,(D or (not (B xor A))),3
00500.png,(B nand (not D)),2
00501.png,((not D) xor (not E)),2
00502.png,(not ((A xnor E) xnor (B nand D))),4
00503.png,(D xor (C xnor E)),3
00504.png,(C nor (B or (D nor A))),4
00505.png,(C or (not ((not A) xor (not B)))),3
00506.png,((C and (E xnor (not B))) xnor (A xnor D)),5
00507.png,((A or (not E)) nand ((not ((not B) nor C)) nor (not D))),5
00508.png,((B and D) nand (C or E)),4
00509.png,(not ((not ((not B) and D)) xnor (E or (not C)))),4
00510.png,(E and (not (((not B) nor (not A)) xor (not C)))),4
00511.png,(A or ((C and (E nand (not D))) nor B)),5
00512.png,((C xnor (not E)) nand (not D)),3
00513.png,((B and C) and (D nor A)),4
00514.png,(B xnor D),2
00515.png,(not (((not C) and (A nor D)) nand (E or (not B)))),5
00516.png,(D and ((A xnor (B xnor C)) xor (not E))),5
00517.png,(A nand (C xor E)),3
00518.png,(B nand ((not D) or (not C))),3
00519.png,(((not ((not A) and B)) nand C) and (D xnor E)),5
00520.png,(not (B xnor C)),2
00521.png,(((not B) or A) xor (D or C)),4
00522.png,((A nor (not C)) xnor D),3
00523.png,((not C) or (B and A)),3
00524.png,(((not C) nor D) nor (not B)),3
00525.png,(((not D) xnor (E and A)) or ((not B) and C)),5
00526.png,(A nand C),2
00527.png,(C nand B),2
00528.png,(((not D) xnor E) nor C),3
00529.png,(A nand (B xnor D)),3
00530.png,((C or (B nand A)) and D),4
00531.png,(A and E),2
00532.png,(B and (not C)),2
00533.png,((not C) or (not D)),2
00534.png,(not (D xor B)),2
00535.png,((D nand E) xor ((not B) and (A nor (not C)))),5
00536.png,((E xnor (not (D and A))) xor B),4
00537.png,(((not D) xnor (B and E)) nand (not C)),4
00538.png,(((not C) and B) and D),3
00539.png,(A xor (not ((not C) and (E nand B)))),4
00540.png,((D and A) or E),3
00541.png,(((not C) and (B and D)) nand (A xnor E)),5
00542.png,(C xor (not ((A and (B and E)) nand D))),5
00543.png,(((not D) xnor (not (C nand (not B)))) nor A),4
00544.png,(C xor (A nand D)),3
00545.png,(not ((not D) or (not A))),2
00546.png,((not ((E or B) and C)) or ((not D) xnor A)),5
00547.png,(E and ((not A) xor (C nand B))),4
00548.png,((not C) and (D or (not (B and A)))),4
00549.png,(((not E) xor B) xnor (not (C or (not D)))),4
00550.png,(B xnor (E or (not A))),3
00551.png,((B and A) and ((C nand E) or (not D))),5
00552.png,((A nor (not E)) or ((not C) xor (D xnor (not B)))),5
00553.png,(B or D),2
00554.png,((C nand A) or ((not E) and D)),4
00555.png,(not ((not D) xor ((not C) nor (B xnor E)))),4
00556.png,(((C xnor E) or (not A)) or B),4
00557.png,(((A xnor B) or D) xnor (not (C and E))),5
00558.png,((not A) nand (B nand C)),3
00559.png,(C nor ((A and B) nor ((not D) nor E))),5
00560.png,(D xor (not (C nand E))),3
00561.png,((not (A nor C)) nor D),3
00562.png,(D xnor (B nor E)),3
00563.png,((C nor E) nor D),3
00564.png,(C nor D),2
00565.png,((not C) and (not E)),2
00566.png,((not (((not ((not D) xor E)) nand B) nand C)) nor (not A)),5
00567.png,((not D) nor A),2
00568.png,((B xor E) xor A),3
00569.png,((C xnor (not B)) or ((not D) or A)),4
00570.png,(not (((not A) nand E) or (not C))),3
00571.png,((not B) or (not ((C or D) and E))),4
00572.png,(not ((C nor D) or (A or E))),4
00573.png,(D nor (not C)),2
00574.png,(D xor C),2
00575.png,(E nor C),2
00576.png,((A xnor (not D)) and C),3
00577.png,(((not B) nor (D and E)) nand (C nor A)),5
00578.png,(not ((not ((not B) nor C)) xor (E nand ((not A) or D)))),5
00579.png,((not ((E nor A) and B)) xnor D),4
00580.png,((not A) nor (D nand B)),3
00581.png,(D xnor E),2
00582.png,(((not C) nand E) and B),3
00583.png,((((not D) or E) and C) nand B),4
00584.png,(B xor (A or (E xnor C))),4
00585.png,(not (E and (not (B nor (not (((not C) nand A) xor D)))))),5
00586.png,((not (D or B)) nand (C or (not (E and (not A))))),5
00587.png,((not (D xor A)) nor (not (B xnor E))),4
00588.png,(((not (B nor C)) xnor A) xnor (D and E)),5
00589.png,(B nor D),2
00590.png,(C xnor (not ((not E) xor ((B nand (not A)) xor D)))),5
00591.png,((not D) and (not (A xor (not C)))),3
00592.png,((not ((E nor C) and A)) nor (D or B)),5
00593.png,(C nor ((not A) nand (not B))),3
00594.png,((B xor D) and ((not (A nand C)) and (not E))),5
00595.png,(not ((D and A) xnor (not (C or (not B))))),4
00596.png,(B nor (A and C)),3
00597.png,(not ((B or E) nand C)),3
00598.png,(C and ((A xnor (not E)) nor B)),4
00599.png,(((not C) and B) and (not (E xnor A))),4
00600.png,((not C) nand E),2
00601.png,(not ((not ((not D) or E)) and A)),3
00602.png,(((not (D nor (not E))) xor (B nand A)) nand (not C)),5
00603.png,(not (E xor (D nand A))),3
00604.png,(A xnor (D nor (not (E nand B)))),4
00605.png,(E or ((not (B xnor C)) xnor (D nor A))),5
00606.png,(not ((C nor (E and B)) xor (not (D xor A)))),5
00607.png,((B or E) xor (C or ((not A) nand D))),5
00608.png,((E xnor (not B)) and A),3
00609.png,(not ((E and (B xnor (not A))) nor (not D))),4
00610.png,(((not (D nand A)) xnor (E nor B)) and (not C)),5
00611.png,(A and (not C)),2
00612.png,(not (E or (not (D and (not A))))),3
00613.png,((not (C xnor A)) or (E and B)),4
00614.png,((not C) xnor ((not B) xor (not E))),3
00615.png,((not ((D nor B) nand (A xor (not C)))) nand E),5
00616.png,(((not D) or E) and B),3
00617.png,(E nand C),2
00618.png,(D nor A),2
00619.png,((not (E xnor C)) nand D),3
00620.png,((C or D) or B),3
00621.png,((A xor (D xnor E)) and (not C)),4
00622.png,((B and D) or (A xnor (not (E or (not C))))),5
00623.png,(not ((D xor (not ((not C) xor B))) nor E)),4
00624.png,((not D) xor ((not (A nor (not C))) or B)),4
00625.png,(A or (not ((not E) xnor (not ((not C) or B))))),4
00626.png,(not ((not C) nand E)),2
00627.png,(((not D) xnor (E xor (not A))) or C),4
00628.png,(((not (C xnor D)) and (not E)) xnor (not (A xor B))),5
00629.png,(((not A) nand B) nand (not E)),3
00630.png,(not ((E and (not (C xnor B))) or (not (A or D)))),5
00631.png,((E xor C) xor (not (A nand B))),4
00632.png,((not (A xor C)) nand B),3
00633.png,(((not D) or C) xnor B),3
00634.png,(B and (C xnor ((not A) xor (D xor E)))),5
00635.png,(not ((not (C nand (not B))) and (not (A and (not E))))),4
00636.png,((B nor D) nand (A nand C)),4
00637.png,((not (A nand (D nor B))) xnor (not (E xnor (not C)))),5
00638.png,((not (E and D)) xor (not (C nand (not (B nand A))))),5
00639.png,(not (((not (B and (D xnor E))) xnor (not A)) and C)),5
00640.png,((not D) or B),2
00641.png,(not (B and C)),2
00642.png,((not A) xnor (B nand (not E))),3
00643.png,(E nand (not B)),2
00644.png,((E xnor (not B)) or C),3
00645.png,(not (E nor (not D))),2
00646.png,((C nand B) nand (not D)),3
00647.png,((not (((D xor C) xnor A) or E)) nor B),5
00648.png,(not ((not (B xnor C)) xor E)),3
00649.png,(not ((A nand E) or (not (D nor C)))),4
00650.png,((not (C and (not (D or (not E))))) xor ((not A) nand B)),5
00651.png,((not D) nand C),2
00652.png,((E nand (D nor B)) xnor C),4
00653.png,(D xor (not B)),2
00654.png,((not ((not C) or (E nand D))) nor (not A)),4
00655.png,((E or C) or ((D xor A) and (not B))),5
00656.png,(A and (not E)),2
00657.png,(D and (not (((not B) nor (not A)) xnor (not (C nand E))))),5
00658.png,(C nor A),2
00659.png,(((not (B xor D)) xor E) or (not (C or A))),5
00660.png,(B nand (not (E and D))),3
00661.png,(((not C) or D) nor (not (B and A))),4
00662.png,((not (C or E)) nor (not ((A nand (not B)) or D))),5
00663.png,((not C) xnor (not D)),2
00664.png,((not ((C xnor A) xnor D)) nand (not B)),4
00665.png,(A nand (not ((C or (not D)) nor (not (E nand B))))),5
00666.png,((not D) nand (not E)),2
00667.png,(((not D) or B) xnor ((not E) nand C)),4
00668.png,((not ((not ((not B) and A)) or E)) nor D),4
00669.png,((not (B xor (not A))) xor E),3
00670.png,(B and (not ((not C) xnor D))),3
00671.png,(A nand B),2
00672.png,((not (E xnor A)) xor (((not C) xor (not D)) xnor B)),5
00673.png,((not E) xnor (not ((A and C) and B))),4
00674.png,((not A) xor (not ((not (D nand E)) nand B))),4
00675.png,(((not (D xnor C)) xnor B) or (A xnor (not E))),5
00676.png,(B nand (not (C and A))),3
00677.png,(not ((not (E xnor B)) nand (D and ((not A) nor C)))),5
00678.png,(C nor ((D or E) xor ((not B) and A))),5
00679.png,(not (((D and B) and E) nand (C xnor A))),5
00680.png,((not (C xor (not B))) and (not E)),3
00681.png,(not (((not E) and A) and C)),3
00682.png,((not (C nor (not B))) xor (D or A)),4
00683.png,(not (A nand (D xnor (not ((not C) nand (E xnor (not B))))))),5
00684.png,(C and (E nand (not D))),3
00685.png,((C and D) xnor ((not B) xor A)),4
00686.png,((B xor C) nor (not (A nor D))),4
00687.png,((not (E and (not C))) and (not B)),3
00688.png,((A xor (not (C or (not D)))) or (not E)),4
00689.png,(B xnor (A or (not ((not E) nor D)))),4
00690.png,(A or D),2
00691.png,(not (E nor ((not C) xor A))),3
00692.png,((not A) and (not ((not B) or (not E)))),3
00693.png,(not (C nand (not E))),2
00694.png,(B xnor ((not C) and (not A))),3
00695.png,((B nor C) xnor (A and (not (E xnor (not D))))),5
00696.png,((not (B or D)) and (not (C nor (not (E or A))))),5
00697.png,(A nor (not E)),2
00698.png,(((not D) or C) and E),3
00699.png,((not (E and (not A))) and B),3
00700.png,((E nor (not D)) nor (C xnor (not (B and A)))),5
00701.png,((not (A nor E)) or ((not D) nand (not (B xnor C)))),5
00702.png,(((B nor A) or (D nand E)) nand (not C)),5
00703.png,(D nor (C xor B)),3
00704.png,((not D) nand ((A xor (not B)) xnor (not (E or C)))),5
00705.png,(not ((not B) or A)),2
00706.png,(not ((D xnor E) nor (B and (not A)))),4
00707.png,((D nor (A or C)) nand (not (B and E))),5
00708.png,(not (D and (not (A nor B)))),3
00709.png,((not C) xor (E and (D and A))),4
00710.png,((not (E and C)) xnor (B or A)),4
00711.png,(A and (not D)),2
00712.png,((E nor (C xor B)) nor A),4
00713.png,((C or (not ((not E) xor A))) and ((not D) or B)),5
00714.png,(D and ((A xnor C) xor B)),4
00715.png,(not ((not (C or A)) nand (D nand B))),4
00716.png,(not (E or (not C))),2
00717.png,(((E xor C) xnor D) nor (B and A)),5
00718.png,(((B nor D) nor C) or (E or A)),5
00719.png,((not ((not C) xor (not E))) nand (not ((not A) or (D and B)))),5
00720.png,((not (E and (not (D xor (C xor B))))) xor (not A)),5
00721.png,(((not ((not D) and (not A))) nor (not E)) nand B),4
00722.png,(((B nand C) nand E) or (A xnor D)),5
00723.png,(((not ((D and A) or B)) xor E) xnor C),5
00724.png,(((E or A) xnor C) xnor D),4
00725.png,(not ((not (((not (B nor (not C))) xnor A) nor D)) nor E)),5
00726.png,((((not (C xnor A)) or D) xor B) nand E),5
00727.png,((not (C nor D)) xnor (not (B xor E))),4
00728.png,(E or C),2
00729.png,(not (C or ((not A) xnor (not (((not D) nor B) nand E))))),5
00730.png,((not ((not D) xor E)) and ((not A) or (C xor (not B)))),5
00731.png,(D nor (not (E or B))),3
00732.png,((A nor D) or B),3
00733.png,((not (D xor C)) nor (not E)),3
00734.png,((not E) and (B xnor (not A))),3
00735.png,(B nor (E nand A)),3
00736.png,((not (D xnor (E or B))) nor A),4
00737.png,(not ((not A) xnor E)),2
00738.png,((not (D or E)) nand (not A)),3
00739.png,(C nor B),2
00740.png,((not (A xnor C)) xnor (not (D xnor B))),4
00741.png,(not (B nand (A or (D or (C xor E))))),5
00742.png,(A xor (not ((not (D nand E)) nor B))),4
00743.png,((E nor (not ((not B) and D))) xnor (not (A and C))),5
00744.png,(((not A) xor C) nor E),3
00745.png,(not ((not (E xnor A)) nand (D xnor C))),4
00746.png,(not ((not E) nand (not ((((not B) xnor (not A)) and D) and C)))),5
00747.png,(A xor (D xor E)),3
00748.png,(not ((not (A xor (not B))) or D)),3
00749.png,(not (C or ((A xor E) or (D or B)))),5
00750.png,(B and (((not D) and A) and E)),4
00751.png,(((not B) xor (not A)) nand D),3
00752.png,(not (E nand (B or (not A)))),3
00753.png,((not ((not B) xnor (not C))) and (not ((not D) xnor (not (E or (not A)))))),5
00754.png,(C nand A),2
00755.png,((not C) or (not ((A xor D) or B))),4
00756.png,(not (C nor (not D))),2
00757.png,(not (D nand B)),2
00758.png,((not (D xor (not E))) and A),3
00759.png,(not ((D nand ((B nor E) or A)) and C)),5
00760.png,(A or ((E xnor (not C)) nor B)),4
00761.png,(not (A or B)),2
00762.png,(B and ((E nor A) and C)),4
00763.png,(D xor (not ((C nor E) or (not A)))),4
00764.png,((not ((C nor B) nor E)) xnor A),4
00765.png,((not ((D nor (not E)) nor C)) xor B),4
00766.png,(((not (D xnor (not B))) or C) or A),4
00767.png,(D or (not ((C and (not E)) nor B))),4
00768.png,(E or (A xor (D and C))),4
00769.png,(B nor (A and D)),3
00770.png,(((A nor B) xnor C) xor (D or E)),5
00771.png,(not ((not (C xnor E)) xnor B)),3
00772.png,(D xor (A nand (E xnor C))),4
00773.png,((C xnor E) nand (not A)),3
00774.png,(B and (C xor D)),3
00775.png,(E nand (not C)),2
00776.png,(((not B) xnor (not E)) or (not A)),3
00777.png,(not (((not ((not E) and (not C))) nor B) nor (not D))),4
00778.png,(not ((not E) or (C nand (B nand D)))),4
00779.png,((not (E xor ((not D) xnor (not (B xnor C))))) xnor A),5
00780.png,((not A) nand B),2
00781.png,((A or (E nor (not C))) nand (not (B and D))),5
00782.png,(not (C and B)),2
00783.png,((C xor D) xnor (not (A nor (not E)))),4
00784.png,(not ((D nor A) nor B)),3
00785.png,((not (B and (not E))) or (not D)),3
00786.png,(D and (not E)),2
00787.png,((not ((not ((not E) and B)) xnor (not A))) xor ((not D) nand C)),5
00788.png,((not C) and ((not (D nand (not E))) nor A)),4
00789.png,(((E and B) and (not C)) and (not A)),4
00790.png,(A nor C),2
00791.png,((((B nor (not C)) and D) xnor A) and (not E)),5
00792.png,(((not E) nor (C nor B)) xor ((not A) or D)),5
00793.png,((not B) xnor (D xor (not A))),3
00794.png,((not D) xor ((not A) xor E)),3
00795.png,(C xor (not (A and B))),3
00796.png,((not C) xor D),2
00797.png,(not (D xor ((E nor B) or (not C)))),4
00798.png,((not E) and (not (D and A))),3
00799.png,((not A) nand (not D)),2
00800.png,(not ((((not A) nand E) or C) xnor B)),4
00801.png,(A xor (((B nor (not E)) xor (not D)) or C)),5
00802.png,((A xnor (B or D)) xor E),4
00803.png,((not (D xor A)) xor ((not C) or E)),4
00804.png,(not (A xnor ((B and (not (E nand D))) xor C))),5
00805.png,((not (E xor ((not A) xnor (not D)))) nand C),4
00806.png,(not (A and D)),2
00807.png,(C nor ((not (A or D)) xnor B)),4
00808.png,(E and C),2
00809.png,(D nor ((E nand A) xnor C)),4
00810.png,(B and (D xor A)),3
00811.png,(C and (not ((not (E xnor B)) xor (not A)))),4
00812.png,((D and E) nor ((not C) and A)),4
00813.png,((B xor (not D)) xor (not (C and ((not A) nand E)))),5
00814.png,(A xnor (not E)),2
00815.png,(not (A nand C)),2
00816.png,(A or ((E nor (not B)) or C)),4
00817.png,(not ((not (B xor (not D))) xnor ((not A) or (not ((not C) or E))))),5
00818.png,((E nand (not B)) nand ((not A) and (D xor C))),5
00819.png,(D and ((not (C or (not A))) or (B or E))),5
00820.png,((not ((not D) or C)) xor B),3
00821.png,((C or (not A)) or B),3
00822.png,((E or B) nand (C and D)),4
00823.png,(C or E),2
00824.png,((A xnor ((C xnor B) xnor E)) or D),5
00825.png,((D nand (not E)) nand (A nor ((not C) and B))),5
00826.png,(A and D),2
00827.png,(A and (E nand (not (C xor B)))),4
00828.png,(D or ((not (E nand A)) xnor ((not C) xnor B))),5
00829.png,((not (((not B) xor (not D)) xor E)) xor A),4
00830.png,(not (E or ((A or B) nand (not D)))),4
00831.png,((not C) nand ((B or A) xnor E)),4
00832.png,(not (D nand (not (A and (not ((not (B xor (not C))) nand (not E))))))),5
00833.png,((not ((C xnor D) xor A)) or E),4
00834.png,(E nor (not B)),2
00835.png,((B and (not ((not (E or D)) nor A))) and C),5
00836.png,(B xor (C xor (not A))),3
00837.png,(B xor (not ((not (D and C)) nor A))),4
00838.png,(A nand (not ((D and (not B)) and C))),4
00839.png,((not B) xnor ((C and D) or (A and E))),5
00840.png,(((not C) and (not B)) nand A),3
00841.png,(((not D) nor B) nand E),3
00842.png,((not (C nand ((not E) nor (not (D nand (not A)))))) xor B),5
00843.png,(D xor ((not C) nand E)),3
00844.png,((A xnor (not E)) nor (D xor (not (C xor B)))),5
00845.png,((not ((not D) and (not (C nand A)))) nand (not E)),4
00846.png,((not (B or D)) and (not (C xor E))),4
00847.png,(((not D) or (E or B)) and (C xor A)),5
00848.png,(C and D),2
00849.png,((D nor E) xor (C nand B)),4
00850.png,(((not A) xor B) or E),3
00851.png,((not B) nor E),2
00852.png,(not ((not A) nand B)),2
00853.png,((not ((not B) or A)) xor (not (E xor (not C)))),4
00854.png,(B xnor A),2
00855.png,(((A xor B) nand C) nor E),4
00856.png,((not B) nor (not (A xnor ((not C) xnor (E and D))))),5
00857.png,((not B) nand ((not ((not E) nor (D xnor A))) and C)),5
00858.png,(not (D or B)),2
00859.png,((not (B or (E xor A))) nand (not (D and C))),5
00860.png,(not ((not C) nor B)),2
00861.png,(E xnor (not ((not (((not B) xor (not A)) xnor D)) xor C))),5
00862.png,((not (E or (not B))) nor (A xnor (D or C))),5
00863.png,(((not (A xor D)) nor E) xor C),4
00864.png,((not (C nor (not E))) nor ((not D) and (not B))),4
00865.png,((not (D or (not A))) or (E or (not B))),4
00866.png,(((not E) xor (not B)) or C),3
00867.png,((A xor (not (D or (C or B)))) nand (not E)),5
00868.png,(not ((not ((E nor D) or (not C))) xnor A)),4
00869.png,((not (C and (D nand E))) xnor (B nor A)),5
00870.png,((not (B xor A)) nor E),3
00871.png,(not ((E nand ((not C) nor B)) nor D)),4
00872.png,(C nor (not ((not E) nor (B and (not A))))),4
00873.png,((E nor A) and D),3
00874.png,(((not A) nand E) nand (D nor B)),4
00875.png,(((not E) xor (A xnor (not B))) nand (D xor (not C))),5
00876.png,(((not B) and D) nand (not E)),3
00877.png,((not B) xnor A),2
00878.png,((C and D) or ((not E) or B)),4
00879.png,(E xnor (A xor ((B xnor C) xnor D))),5
00880.png,(not (C nand A)),2
00881.png,(B nor (A or E)),3
00882.png,(((not D) nor E) or A),3
00883.png,((not ((not (D nor E)) or (not A))) xor (B xor (not C))),5
00884.png,((not E) or (D nand (C and A))),4
00885.png,((not (C nand E)) xor (A xnor ((not D) xor B))),5
00886.png,((B nor A) nor ((not E) nand (C nor D))),5
00887.png,(C nor (A nor B)),3
00888.png,((not ((D and E) nor A)) nand C),4
00889.png,(C xnor (not A)),2
00890.png,(A or (not D)),2
00891.png,(not (((not (A or (not B))) xor (not (C nor D))) nand E)),5
00892.png,((not (C and (not D))) xor E),3
00893.png,(A xnor (D or ((not B) or (not C)))),4
00894.png,((not ((not B) nor D)) xor ((not E) nand (not C))),4
00895.png,(A or (not (((not B) xor (D xnor E)) xor C))),5
00896.png,(B nor (not (C xnor A))),3
00897.png,((C nor D) nand (B and E)),4
00898.png,(E and (not B)),2
00899.png,(not ((not E) xor A)),2
00900.png,((not ((not (C nor B)) xor (A xnor E))) nand D),5
00901.png,((not B) nor (not C)),2
00902.png,((not C) or D),2
00903.png,((not (B and C)) and (A or D)),4
00904.png,(C and (not A)),2
00905.png,((C xor (not A)) or (B nand (not D))),4
00906.png,((not ((not B) or D)) xnor E),3
00907.png,(not ((not ((B nor E) xor A)) and (C xor D))),5
00908.png,(A nor ((D nor B) xnor (not (C and E)))),5
00909.png,(A nor D),2
00910.png,(D nand B),2
00911.png,(B and (not A)),2
00912.png,(D or (not B)),2
00913.png,((not ((not B) nor C)) nor (A or ((not E) and D))),5
00914.png,(((not E) and (not ((not B) and (D and (not C))))) nor (not A)),5
00915.png,(((not D) or (not B)) nor A),3
00916.png,(E and ((not C) xor B)),3
00917.png,(not ((not E) or B)),2
00918.png,((not ((not E) xnor A)) xor B),3
00919.png,(B xnor (not ((not A) nand (not C)))),3
00920.png,(E xnor (not ((A or (not D)) xnor (not B)))),4
00921.png,(C xnor (not ((E xor D) xor A))),4
00922.png,((A nand (not ((C nand B) and D))) xor E),5
00923.png,(D xor ((E and A) and B)),4
00924.png,((not B) xnor C),2
00925.png,((not ((not (C and (not E))) and (A and D))) or B),5
00926.png,((D nand C) xor E),3
00927.png,(((not B) or A) and (C nor D)),4
00928.png,((not D) or ((A xnor (not C)) xor E)),4
00929.png,(A or (not E)),2
00930.png,(((A or (not E)) nor D) xnor ((not C) nor B)),5
00931.png,((((not D) or A) xnor (C nand E)) nand B),5
00932.png,((B nor C) and (not (E or ((not D) or A)))),5
00933.png,(B nand (not ((not ((A xnor E) or C)) and D))),5
00934.png,((not D) xnor E),2
00935.png,(not ((C xnor B) or (A or (D xor E)))),5
00936.png,(C and ((not (A or B)) xor E)),4
00937.png,((not ((E nor D) nand (not ((not B) xor C)))) xnor A),5
00938.png,(((not B) xnor E) and D),3
00939.png,(((D nor (not A)) and ((not C) and E)) nor B),5
00940.png,(not ((not (B or D)) xnor (not (C or E)))),4
00941.png,(((not C) or D) nand E),3
00942.png,(C nor (not A)),2
00943.png,(E or (not (C and (D and A)))),4
00944.png,((not (E nand (not B))) nor (D or C)),4
00945.png,((E nand A) xnor (not ((not (D nor (not C))) nor (not B)))),5
00946.png,(D nor (not E)),2
00947.png,((not (D nor C)) and (E xor A)),4
00948.png,((not C) or B),2
00949.png,((A and C) or (not E)),3
00950.png,(not (B or E)),2
00951.png,((not (A nor E)) xor (C xor ((not D) nand (not B)))),5
00952.png,(not ((D or ((not (B nand (not E))) nor (not A))) and C)),5
00953.png,(((not D) nor ((not E) and B)) nor (not (A xor C))),5
00954.png,(B xor (C xnor A)),3
00955.png,((B or (D nor A)) xor C),4
00956.png,(B nor (not (E nand C))),3
00957.png,(E xnor ((not C) or (not B))),3
00958.png,(not (B nand ((not E) or ((not C) or A)))),4
00959.png,(not (((not D) xor C) or (A and (not B)))),4
00960.png,(E nand (not (D and A))),3
00961.png,((B nand (not D)) nor (E or A)),4
00962.png,(C nor (E xnor B)),3
00963.png,(A or (E nor (not (D nand C)))),4
00964.png,(E xor (not ((not D) xnor (A nor (not B))))),4
00965.png,(C xnor (not (E nor (not D)))),3
00966.png,((C xor D) nor E),3
00967.png,((C and D) xnor B),3
00968.png,(E and D),2
00969.png,((B nand D) nand (E and ((not C) nand A))),5
00970.png,(E nand (not (C nor A))),3
00971.png,((not (A xnor E)) or B),3
00972.png,(not (E nor A)),2
00973.png,((not (C or (not E))) nor (A xor (D and B))),5
00974.png,(((not D) nor E) xnor (B xor A)),4
00975.png,((E xnor (not (D and B))) nand (not ((not C) and A))),5
00976.png,(A nor E),2
00977.png,(E and ((not ((B xor C) xnor D)) nand (not A))),5
00978.png,((not (E xnor C)) or ((not D) xnor (not B))),4
00979.png,((D xor (B nand (not A))) nand (E xnor C)),5
00980.png,((not C) or (not E)),2
00981.png,(B nand (not ((not D) nor (E and (not A))))),4
00982.png,((not (A nor (not B))) nor (not ((E nand D) xor C))),5
00983.png,(A nor (not ((C xor (D nand E)) xnor B))),5
00984.png,((not D) and (E xnor (C xnor (not B)))),4
00985.png,((not (D and (not (E nor C)))) nor (not A)),4
00986.png,(not ((C or (not E)) or (A nand B))),4
00987.png,(not (A nand (not (B xnor D)))),3
00988.png,((E and B) and C),3
00989.png,(C and ((not (E xnor (not A))) or D)),4
00990.png,((not B) and ((not (E nand (not A))) and (D and C))),5
00991.png,((not (B nand E)) nand (not ((C and D) xor A))),5
00992.png,((not ((not D) or (not B))) or ((not (A xnor E)) nor C)),5
00993.png,(B and (A xnor (E nand C))),4
00994.png,((not (((not D) or E) and C)) or A),4
00995.png,((E xnor (A and (not B))) xnor (not (D and C))),5
00996.png,((B xor C) or A),3
00997.png,((A xnor (not (D or C))) or (B and (not E))),5
00998.png,(not (((not C) nand B) nand D)),3
00999.png,(not ((not ((not B) and D)) xnor (C nand (not E)))),4
